[
  {
    "id": "3cd83e0e-dc86-4f83-9cff-6f012d8cd25a",
    "data": [
      {
        "text": "despondent",
        "userDefined": false
      }
    ],
    "isTemplate": false,
    "count": 0,
    "updated": 0
  },
  {
    "id": "87367a74-a101-4541-8eb5-00165dedca43",
    "data": [
      {
        "text": "gloomy",
        "userDefined": false
      }
    ],
    "isTemplate": false,
    "count": 0,
    "updated": 0
  },
  {
    "id": "02c2aba8-2d44-4ad5-8c46-7ea13a248111",
    "data": [
      {
        "text": "down",
        "userDefined": false
      }
    ],
    "isTemplate": false,
    "count": 0,
    "updated": 0
  },
  {
    "id": "f3e54500-2497-4187-9b60-bbece7c1b272",
    "data": [
      {
        "text": "Unhappy",
        "userDefined": false
      }
    ],
    "isTemplate": false,
    "count": 0,
    "updated": 0
  },
  {
    "id": "1c75552e-e8b4-4893-bf7c-b1b7d6d4a8e4",
    "data": [
      {
        "text": "Melancholy",
        "userDefined": false
      }
    ],
    "isTemplate": false,
    "count": 0,
    "updated": 0
  },
  {
    "id": "f5fa9d74-09c3-45a0-b0b1-a18dec794f17",
    "data": [
      {
        "text": "Depressed",
        "userDefined": false
      }
    ],
    "isTemplate": false,
    "count": 0,
    "updated": 0
  },
  {
    "id": "f6c1d48c-662d-478b-98f4-dd91f3d1c7fa",
    "data": [
      {
        "text": "Sad",
        "userDefined": false
      }
    ],
    "isTemplate": false,
    "count": 0,
    "updated": 0
  }
]