[
  {
    "id": "0eae6327-9694-40eb-bb71-d03edfdb2499",
    "data": [
      {
        "text": "My parents are divorced",
        "userDefined": false
      }
    ],
    "isTemplate": false,
    "count": 0,
    "updated": 0
  },
  {
    "id": "91c6504f-24d6-4808-9c7f-a0c2de0306d2",
    "data": [
      {
        "text": "My parents went through a tough seperation",
        "userDefined": false
      }
    ],
    "isTemplate": false,
    "count": 0,
    "updated": 0
  },
  {
    "id": "82f45ec2-42d6-4a86-8421-6b0433fd428e",
    "data": [
      {
        "text": "My parents just got divorced",
        "userDefined": false
      }
    ],
    "isTemplate": false,
    "count": 0,
    "updated": 0
  },
  {
    "id": "5586eb0a-66cb-4446-9324-cf679f1d3556",
    "data": [
      {
        "text": "My",
        "meta": "@sys.ignore",
        "userDefined": true
      },
      {
        "text": " ",
        "userDefined": false
      },
      {
        "text": "parents",
        "meta": "@sys.ignore",
        "userDefined": true
      },
      {
        "text": " ",
        "userDefined": false
      },
      {
        "text": "got",
        "meta": "@sys.ignore",
        "userDefined": true
      },
      {
        "text": " divorced",
        "userDefined": false
      }
    ],
    "isTemplate": false,
    "count": 0,
    "updated": 0
  }
]