[
  {
    "id": "6ab36b0e-c0b0-4390-85ab-9b190d6494b4",
    "data": [
      {
        "text": "Causes changes in my sleep pattern",
        "userDefined": false
      }
    ],
    "isTemplate": false,
    "count": 0,
    "updated": 0
  },
  {
    "id": "c9686198-f764-49a3-a0a9-a61b81f825ff",
    "data": [
      {
        "text": "Causes changes to my sleep pattern",
        "userDefined": false
      }
    ],
    "isTemplate": false,
    "count": 0,
    "updated": 0
  },
  {
    "id": "68742d5d-37bb-4fe4-a653-f46be8f420ef",
    "data": [
      {
        "text": "It causes changes to my sleep pattern",
        "userDefined": false
      }
    ],
    "isTemplate": false,
    "count": 0,
    "updated": 0
  },
  {
    "id": "05232ee4-60e8-465b-9e48-ea2635004520",
    "data": [
      {
        "text": "Causes me to have a loss of appetite",
        "userDefined": false
      }
    ],
    "isTemplate": false,
    "count": 0,
    "updated": 0
  },
  {
    "id": "f7218d7c-52ec-41ba-8bc9-0df76d281406",
    "data": [
      {
        "text": "Causes me to have frequent mood swings",
        "userDefined": false
      }
    ],
    "isTemplate": false,
    "count": 0,
    "updated": 0
  },
  {
    "id": "71759241-b24a-486a-aa18-85ff4b5652dd",
    "data": [
      {
        "text": "it causes me to have a loss of energy",
        "userDefined": false
      }
    ],
    "isTemplate": false,
    "count": 0,
    "updated": 0
  },
  {
    "id": "61b051f0-a2cd-4fbc-b957-7569dc55cfe9",
    "data": [
      {
        "text": "It causes me to have a loss of interest in daily activities",
        "userDefined": false
      }
    ],
    "isTemplate": false,
    "count": 0,
    "updated": 0
  },
  {
    "id": "e8201c32-7efe-4f56-99bd-8db6a025e55c",
    "data": [
      {
        "text": "It causes a change in my sleep pattern",
        "userDefined": false
      }
    ],
    "isTemplate": false,
    "count": 0,
    "updated": 0
  },
  {
    "id": "da764cf6-e3a9-4d1b-b528-ff1e7521374d",
    "data": [
      {
        "text": "It causes me to have a loss of appetite",
        "userDefined": false
      }
    ],
    "isTemplate": false,
    "count": 0,
    "updated": 0
  },
  {
    "id": "81961101-b95c-4cf9-b875-fddbeddf7770",
    "data": [
      {
        "text": "It causes me to have frequent mood swings",
        "userDefined": false
      }
    ],
    "isTemplate": false,
    "count": 0,
    "updated": 0
  }
]