[
  {
    "id": "6b19966e-ee81-4765-b4d2-eb92c3c7a41a",
    "data": [
      {
        "text": "it has gotten worse",
        "userDefined": false
      }
    ],
    "isTemplate": false,
    "count": 0,
    "updated": 0
  },
  {
    "id": "6ab60a7a-fabb-41aa-b97c-4c08c242aab1",
    "data": [
      {
        "text": "it is worse",
        "userDefined": false
      }
    ],
    "isTemplate": false,
    "count": 0,
    "updated": 0
  },
  {
    "id": "df1ef571-38fe-4454-89b2-7510a0c9a75f",
    "data": [
      {
        "text": "It\u0027s worse",
        "userDefined": false
      }
    ],
    "isTemplate": false,
    "count": 0,
    "updated": 0
  },
  {
    "id": "1abade36-e349-43fb-851a-47927ae46eb4",
    "data": [
      {
        "text": "Our relationship took a downfall",
        "userDefined": false
      }
    ],
    "isTemplate": false,
    "count": 0,
    "updated": 0
  }
]